epoch,accuracy,loss,val_accuracy,val_loss
0,0.25,1.5693448781967163,0.30380576848983765,1.3870943784713745
1,0.28333333134651184,1.5726302862167358,0.3326771557331085,1.324706792831421
2,0.3333333432674408,1.4083542823791504,0.4960629940032959,1.2031201124191284
3,0.44999998807907104,1.3447514772415161,0.6312335729598999,1.1061145067214966
4,0.3916666805744171,1.3235318660736084,0.5859580039978027,1.1425625085830688
5,0.5,1.2287163734436035,0.6646981835365295,0.9918229579925537
6,0.40833333134651184,1.2365750074386597,0.47047245502471924,1.1801459789276123
7,0.5166666507720947,1.1213562488555908,0.6896325349807739,0.9777297973632812
8,0.4833333194255829,1.1866499185562134,0.7224409580230713,0.9373795390129089
9,0.5166666507720947,1.1337149143218994,0.6437007784843445,0.9993220567703247
10,0.34166666865348816,1.3503669500350952,0.7690288424491882,0.8996859192848206
11,0.46666666865348816,1.1590025424957275,0.7795275449752808,0.8810625672340393
12,0.42500001192092896,1.177272081375122,0.7847769260406494,0.8649200797080994
13,0.5916666388511658,0.9881935715675354,0.8038057684898376,0.8323599100112915
14,0.6583333611488342,0.956369936466217,0.8280839920043945,0.8005164265632629
15,0.800000011920929,0.7842634320259094,0.836614191532135,0.7655330300331116
16,0.7833333611488342,0.7367905378341675,0.8576115369796753,0.7175646424293518
17,0.7916666865348816,0.6548909544944763,0.8641732335090637,0.6867987513542175
18,0.875,0.5892589092254639,0.8746719360351562,0.6397279500961304
19,0.8666666746139526,0.5171297192573547,0.8792650699615479,0.6033264994621277
20,0.8999999761581421,0.4255503714084625,0.8818897604942322,0.5630350708961487
21,0.8833333253860474,0.3581398129463196,0.8910760879516602,0.49922341108322144
22,0.8916666507720947,0.35721829533576965,0.8897637724876404,0.4751961827278137
23,0.949999988079071,0.26667168736457825,0.8897637724876404,0.44087404012680054
24,0.9333333373069763,0.2625060975551605,0.8877952694892883,0.41730284690856934
25,0.925000011920929,0.22083039581775665,0.9081364870071411,0.36032408475875854
26,0.9750000238418579,0.13576039671897888,0.9330708384513855,0.3021974563598633
27,0.9583333134651184,0.15275105834007263,0.913385808467865,0.3267037570476532
28,0.9833333492279053,0.10983497649431229,0.8956692814826965,0.33360394835472107
29,0.9666666388511658,0.1541731208562851,0.9035432934761047,0.29587289690971375
30,0.9666666388511658,0.1266222596168518,0.8766404390335083,0.3391363322734833
31,0.9916666746139526,0.0636449083685875,0.8937007784843445,0.2971651256084442
32,0.9833333492279053,0.06669073551893234,0.9009186625480652,0.28028351068496704
33,0.9666666388511658,0.12364605814218521,0.8989501595497131,0.2851318418979645
34,0.9916666746139526,0.0485713854432106,0.8996062874794006,0.27885207533836365
35,0.9833333492279053,0.06561435759067535,0.943569540977478,0.1785413920879364
36,1.0,0.03788499906659126,0.9501312375068665,0.14678806066513062
37,0.9833333492279053,0.08632263541221619,0.941601037979126,0.171630397439003
38,0.9833333492279053,0.03643399477005005,0.9632545709609985,0.11867251992225647
39,0.9833333492279053,0.042365655303001404,0.9658792614936829,0.10456065088510513
40,0.9750000238418579,0.0762140303850174,0.9750655889511108,0.09172223508358002
41,0.9833333492279053,0.05212320387363434,0.9822834730148315,0.07044678181409836
42,0.9916666746139526,0.020979825407266617,0.9835957884788513,0.059516891837120056
43,0.9916666746139526,0.017680246382951736,0.9809711575508118,0.06543853133916855
44,0.9916666746139526,0.026170048862695694,0.9783464670181274,0.07505905628204346
45,0.9916666746139526,0.03363776579499245,0.9724409580230713,0.08262781798839569
46,0.9916666746139526,0.023526396602392197,0.9685039520263672,0.09103134274482727
47,1.0,0.008240533992648125,0.9737532734870911,0.0775628462433815
48,1.0,0.006002624053508043,0.9783464670181274,0.0653589516878128
49,1.0,0.005453859455883503,0.9776902794837952,0.06362736970186234
0,0.21666666865348816,1.6521319150924683,0.29527559876441956,1.3530791997909546
1,0.28333333134651184,1.5663102865219116,0.2263779491186142,1.3963449001312256
2,0.2750000059604645,1.5077261924743652,0.5465879440307617,1.1873067617416382
3,0.25,1.5037204027175903,0.5387139320373535,1.1891769170761108
4,0.36666667461395264,1.3377879858016968,0.5813648104667664,1.152441143989563
5,0.4000000059604645,1.3333908319473267,0.6292650699615479,1.1277767419815063
6,0.36666667461395264,1.3105480670928955,0.5275590419769287,1.1642498970031738
7,0.4749999940395355,1.225817322731018,0.6122047305107117,1.1233621835708618
8,0.4583333432674408,1.1330115795135498,0.5452755689620972,1.1490862369537354
9,0.5583333373069763,1.0973172187805176,0.7618110179901123,0.9549524784088135
10,0.34166666865348816,1.3771250247955322,0.7624672055244446,0.9433674812316895
11,0.4000000059604645,1.2378662824630737,0.751968502998352,0.9396135807037354
12,0.4166666567325592,1.2411950826644897,0.7696850299835205,0.9058758616447449
13,0.5916666388511658,1.0823003053665161,0.7808399200439453,0.8748165965080261
14,0.5666666626930237,1.0104455947875977,0.8051180839538574,0.8328430652618408
15,0.7083333134651184,0.8934515714645386,0.819553792476654,0.7926425933837891
16,0.6583333611488342,0.8731787800788879,0.8339895009994507,0.7617120742797852
17,0.7749999761581421,0.7121229767799377,0.834645688533783,0.7167667746543884
18,0.7749999761581421,0.694841206073761,0.8444882035255432,0.6709543466567993
19,0.8416666388511658,0.6008676886558533,0.8720472455024719,0.6010702252388
20,0.8583333492279053,0.49642518162727356,0.8845144510269165,0.5649022459983826
21,0.9083333611488342,0.43950316309928894,0.9048556685447693,0.4986695349216461
22,0.9083333611488342,0.383699506521225,0.9094488024711609,0.45745834708213806
23,0.9333333373069763,0.32079073786735535,0.9258530139923096,0.3881683349609375
24,0.9166666865348816,0.32157832384109497,0.9291338324546814,0.35072073340415955
25,0.9750000238418579,0.18690817058086395,0.9291338324546814,0.3260091245174408
26,0.9583333134651184,0.1981874406337738,0.9245406985282898,0.3166254758834839
27,0.9750000238418579,0.14958931505680084,0.9337270259857178,0.2831239700317383
28,0.9583333134651184,0.11887666583061218,0.9488189220428467,0.22991523146629333
29,0.9750000238418579,0.09521912038326263,0.9520997405052185,0.20614996552467346
30,0.949999988079071,0.13093984127044678,0.9665354490280151,0.15766282379627228
31,0.9916666746139526,0.09308607131242752,0.9586614370346069,0.16320283710956573
32,0.9750000238418579,0.054316360503435135,0.9586614370346069,0.15224982798099518
33,0.9750000238418579,0.06775082647800446,0.9599737524986267,0.13886907696723938
34,1.0,0.028146935626864433,0.9612860679626465,0.1318928748369217
35,1.0,0.03421778976917267,0.9645669460296631,0.12350191175937653
36,1.0,0.038211576640605927,0.971784770488739,0.09597527980804443
37,1.0,0.02068265713751316,0.9711285829544067,0.09148494899272919
38,0.9916666746139526,0.05100580304861069,0.9730970859527588,0.08787786215543747
39,1.0,0.022087013348937035,0.9639107584953308,0.12526240944862366
40,1.0,0.008219585753977299,0.9678477644920349,0.11134222149848938
41,0.9916666746139526,0.03296960890293121,0.9704724550247192,0.09522178024053574
42,1.0,0.023900451138615608,0.9639107584953308,0.10675887763500214
43,0.9916666746139526,0.027307864278554916,0.9671915769577026,0.08869589865207672
44,1.0,0.029186677187681198,0.9737532734870911,0.07950899004936218
45,0.9833333492279053,0.07823098450899124,0.9356955289840698,0.16593721508979797
46,1.0,0.01065135095268488,0.932414710521698,0.19124604761600494
47,0.9916666746139526,0.03896342217922211,0.9278215169906616,0.21158333122730255
48,1.0,0.004811843857169151,0.9389764070510864,0.18920259177684784
49,0.9916666746139526,0.02011897787451744,0.9763779640197754,0.0756390243768692
0,0.2916666567325592,1.7844527959823608,0.17782151699066162,1.5707383155822754
1,0.25,1.588544249534607,0.284776896238327,1.3968844413757324
2,0.2916666567325592,1.4821200370788574,0.32808399200439453,1.3732484579086304
3,0.3499999940395355,1.4914727210998535,0.3799212574958801,1.3061254024505615
4,0.375,1.2964316606521606,0.48228347301483154,1.2141263484954834
5,0.4333333373069763,1.2880175113677979,0.5833333134651184,1.1570006608963013
6,0.4583333432674408,1.1957621574401855,0.43110236525535583,1.1899069547653198
7,0.4416666626930237,1.1478040218353271,0.6476377844810486,1.0604697465896606
8,0.5166666507720947,1.1243985891342163,0.5209974050521851,1.0905601978302002
9,0.4833333194255829,1.171949028968811,0.7073490619659424,0.8963380455970764
10,0.32499998807907104,1.427272081375122,0.7355642914772034,0.8708964586257935
11,0.34166666865348816,1.350342869758606,0.7447506785392761,0.8604176640510559
12,0.4583333432674408,1.125030279159546,0.7545931935310364,0.8420313000679016
13,0.5166666507720947,1.0861389636993408,0.7795275449752808,0.8177594542503357
14,0.5666666626930237,1.0046666860580444,0.8018372654914856,0.7959732413291931
15,0.6416666507720947,0.9614658951759338,0.8339895009994507,0.7567961812019348
16,0.75,0.7569398283958435,0.8464567065238953,0.7136031985282898
17,0.7083333134651184,0.7661210298538208,0.8681102395057678,0.6477416753768921
18,0.7916666865348816,0.7210935354232788,0.8595800399780273,0.6261478066444397
19,0.8333333134651184,0.6047558188438416,0.8766404390335083,0.5751252174377441
20,0.8666666746139526,0.5175315141677856,0.8989501595497131,0.5155149698257446
21,0.8916666507720947,0.439985066652298,0.9114173054695129,0.46245303750038147
22,0.9166666865348816,0.40172654390335083,0.9107611775398254,0.42478713393211365
23,0.9416666626930237,0.325766384601593,0.9101049900054932,0.40085747838020325
24,0.9333333373069763,0.2832963168621063,0.9166666865348816,0.36396244168281555
25,0.9583333134651184,0.2208835333585739,0.9251968264579773,0.3212215006351471
26,0.9583333134651184,0.20640605688095093,0.9238845109939575,0.29848742485046387
27,0.9416666626930237,0.21793733537197113,0.9356955289840698,0.24717222154140472
28,0.9666666388511658,0.14656394720077515,0.932414710521698,0.2364312708377838
29,0.9833333492279053,0.10659684240818024,0.9494750499725342,0.2140311449766159
30,0.9416666626930237,0.12287593632936478,0.9251968264579773,0.23490142822265625
31,0.9750000238418579,0.09484808892011642,0.9278215169906616,0.22575902938842773
32,0.9833333492279053,0.06402674317359924,0.932414710521698,0.20865851640701294
33,1.0,0.05351506918668747,0.9389764070510864,0.19169121980667114
34,0.9833333492279053,0.05971581116318703,0.9442257285118103,0.175313800573349
35,0.9833333492279053,0.05172843113541603,0.8989501595497131,0.2841390371322632
36,1.0,0.024053823202848434,0.9127296805381775,0.23236237466335297
37,0.9833333492279053,0.05262468010187149,0.9547244310379028,0.12664058804512024
38,0.9916666746139526,0.03527618572115898,0.969816267490387,0.09883065521717072
39,0.9916666746139526,0.02981615625321865,0.9658792614936829,0.09098687022924423
40,1.0,0.022835509851574898,0.9658792614936829,0.08856777846813202
41,0.9916666746139526,0.03360699862241745,0.971784770488739,0.07701299339532852
42,0.9916666746139526,0.02394861727952957,0.9737532734870911,0.07709890604019165
43,1.0,0.021543053910136223,0.969816267490387,0.09131228923797607
44,0.9916666746139526,0.030001049861311913,0.9750655889511108,0.0826367437839508
45,1.0,0.01135733537375927,0.9744094610214233,0.07937271893024445
46,0.9833333492279053,0.028389286249876022,0.9730970859527588,0.08313732594251633
47,1.0,0.010793902911245823,0.9704724550247192,0.0821160078048706
48,1.0,0.009811434894800186,0.9744094610214233,0.06462637335062027
49,0.9916666746139526,0.038047101348638535,0.9783464670181274,0.05864986404776573
0,0.30000001192092896,1.7208784818649292,0.4593908488750458,1.246405005455017
1,0.36666667461395264,1.3942979574203491,0.57918781042099,1.1563252210617065
2,0.3583333194255829,1.3509465456008911,0.534517765045166,1.144748568534851
3,0.4833333194255829,1.2417553663253784,0.5984771847724915,1.0631355047225952
4,0.4416666626930237,1.282200574874878,0.7248731255531311,0.9904223084449768
5,0.46666666865348816,1.170267105102539,0.710152268409729,0.9824373722076416
6,0.5916666388511658,1.0113922357559204,0.6939086318016052,0.9248620867729187
7,0.5583333373069763,0.9954999685287476,0.7487309575080872,0.8450083136558533
8,0.5833333134651184,1.0166512727737427,0.6954314708709717,0.8800260424613953
9,0.6666666865348816,0.9489814639091492,0.7395939230918884,0.847241997718811
10,0.3916666805744171,1.2862656116485596,0.7248731255531311,0.8507207632064819
11,0.4749999940395355,1.1622706651687622,0.7197969555854797,0.8455495238304138
12,0.5666666626930237,1.063636064529419,0.7081218361854553,0.8457973599433899
13,0.5666666626930237,1.0108495950698853,0.7020304799079895,0.8399172425270081
14,0.6833333373069763,0.8444713950157166,0.6903553009033203,0.8575047254562378
15,0.7833333611488342,0.7418895363807678,0.7045685052871704,0.8324297666549683
16,0.7666666507720947,0.742867648601532,0.7065989971160889,0.8204805850982666
17,0.8416666388511658,0.6147452592849731,0.7131979465484619,0.8000361323356628
18,0.8916666507720947,0.47276684641838074,0.7096446752548218,0.8362069129943848
19,0.8833333253860474,0.4590306580066681,0.7142131924629211,0.8276891112327576
20,0.9583333134651184,0.31331050395965576,0.7213197946548462,0.8249200582504272
21,0.949999988079071,0.2981290817260742,0.7436548471450806,0.7739671468734741
22,0.9750000238418579,0.2328239530324936,0.7573603987693787,0.7593546509742737
23,0.9583333134651184,0.21667836606502533,0.7776649594306946,0.7027244567871094
24,0.949999988079071,0.19843807816505432,0.7690355181694031,0.7460522055625916
25,0.949999988079071,0.1721576303243637,0.7695431709289551,0.7618094682693481
26,0.9750000238418579,0.11774943023920059,0.754822313785553,0.850202202796936
27,0.9833333492279053,0.083214171230793,0.7923858165740967,0.7184741497039795
28,0.9750000238418579,0.0995568260550499,0.8106598854064941,0.6643595695495605
29,0.9666666388511658,0.12485969811677933,0.8822335004806519,0.3682445287704468
30,0.9666666388511658,0.08661513030529022,0.9096446633338928,0.2833162248134613
31,0.9583333134651184,0.1300283521413803,0.9076142311096191,0.2826978862285614
32,1.0,0.05348946899175644,0.9177665114402771,0.24569079279899597
33,0.9916666746139526,0.05384257808327675,0.9345177412033081,0.19379675388336182
34,1.0,0.018666667863726616,0.9213197827339172,0.23747672140598297
35,1.0,0.030878925696015358,0.9304568767547607,0.21047382056713104
36,0.9916666746139526,0.036801815032958984,0.9365482330322266,0.186347097158432
37,0.9666666388511658,0.05019021034240723,0.9081218242645264,0.2785753607749939
38,0.9833333492279053,0.05828610435128212,0.9030457139015198,0.3187287151813507
39,1.0,0.017572175711393356,0.9131979942321777,0.2773142158985138
40,1.0,0.018716176971793175,0.9131979942321777,0.2897869050502777
41,0.9916666746139526,0.023345407098531723,0.9213197827339172,0.2639346420764923
42,0.9833333492279053,0.04785410687327385,0.9502537846565247,0.14149028062820435
43,0.9833333492279053,0.049970842897892,0.9624365568161011,0.10228604078292847
44,1.0,0.007909025065600872,0.9664974808692932,0.08724259585142136
45,0.9833333492279053,0.058731622993946075,0.9197969436645508,0.26110485196113586
46,0.9916666746139526,0.026849569752812386,0.9543147087097168,0.12792634963989258
47,1.0,0.013827478513121605,0.9700507521629333,0.08876138925552368
48,1.0,0.009146208874881268,0.9730964303016663,0.07737164944410324
49,1.0,0.005505732726305723,0.9751269221305847,0.07057115435600281
0,0.44999998807907104,0.9939632415771484,0.43759629130363464,0.7541277408599854
1,0.5333333611488342,0.8082960844039917,0.7665639519691467,0.5616182684898376
2,0.5833333134651184,0.7493239045143127,0.48536208271980286,0.7401975989341736
3,0.6000000238418579,0.7777881026268005,0.2295839786529541,0.9405586123466492
4,0.5666666626930237,0.8200724124908447,0.7334360480308533,0.5820462703704834
5,0.6666666865348816,0.6742991805076599,0.6802773475646973,0.6152501702308655
6,0.699999988079071,0.5191963315010071,0.8551617860794067,0.454437255859375
7,0.6333333253860474,0.611553966999054,0.7026194334030151,0.6002722978591919
8,0.6833333373069763,0.5981310606002808,0.7604005932807922,0.5512431263923645
9,0.75,0.48730793595314026,0.6571648716926575,0.6319705843925476
10,0.5666666626930237,0.6949451565742493,0.8451463580131531,0.4531714618206024
11,0.7833333611488342,0.5115306973457336,0.8543913960456848,0.4316745400428772
12,0.6666666865348816,0.5764864683151245,0.8443759679794312,0.4312451183795929
13,0.800000011920929,0.503140389919281,0.8189522624015808,0.45062434673309326
14,0.7333333492279053,0.47827407717704773,0.7981510162353516,0.4738304913043976
15,0.8333333134651184,0.38839098811149597,0.7942989468574524,0.4691372811794281
16,0.8333333134651184,0.41121286153793335,0.7904468178749084,0.4680021107196808
17,0.8999999761581421,0.29047146439552307,0.7942989468574524,0.45799195766448975
18,0.949999988079071,0.2809867262840271,0.7765793800354004,0.4803280234336853
19,0.8999999761581421,0.2736782133579254,0.7688751816749573,0.49095937609672546
20,0.8999999761581421,0.2624869644641876,0.7580893635749817,0.49954697489738464
21,0.9833333492279053,0.1839938461780548,0.7596302032470703,0.49742406606674194
22,0.9833333492279053,0.1380898356437683,0.76579350233078,0.49129340052604675
23,0.949999988079071,0.19151800870895386,0.7719568610191345,0.4820241928100586
24,0.9666666388511658,0.15753981471061707,0.7912172675132751,0.4509216248989105
25,0.949999988079071,0.15075139701366425,0.8204930424690247,0.3948989510536194
26,0.9833333492279053,0.13899797201156616,0.8235747218132019,0.3878496587276459
27,1.0,0.09062349796295166,0.82280433177948,0.39422568678855896
28,0.9833333492279053,0.10552285611629486,0.8335901498794556,0.36588767170906067
29,0.9666666388511658,0.09387002140283585,0.8459168076515198,0.35385069251060486
30,1.0,0.06832952052354813,0.8505392670631409,0.3436254560947418
31,1.0,0.05761976167559624,0.858243465423584,0.33163031935691833
32,1.0,0.06684049218893051,0.8628659248352051,0.3159480094909668
33,1.0,0.03053954802453518,0.867488443851471,0.3105370104312897
34,0.9833333492279053,0.054861895740032196,0.8713405132293701,0.3139697015285492
35,0.9833333492279053,0.04276995733380318,0.8713405132293701,0.31112417578697205
36,0.9833333492279053,0.06681927293539047,0.8628659248352051,0.3381228446960449
37,1.0,0.016569601371884346,0.8644067645072937,0.33669331669807434
38,1.0,0.013219445012509823,0.8713405132293701,0.32410380244255066
39,1.0,0.03039110079407692,0.8420647382736206,0.42725884914398193
40,1.0,0.013434496708214283,0.8459168076515198,0.4191930592060089
41,1.0,0.01263249572366476,0.848998486995697,0.4159207344055176
42,1.0,0.007356852293014526,0.848998486995697,0.4205974340438843
43,1.0,0.03577791154384613,0.8744221925735474,0.3303556740283966
44,1.0,0.009128340519964695,0.8921417593955994,0.297609806060791
45,1.0,0.008548378944396973,0.8990755081176758,0.28850752115249634
46,0.9833333492279053,0.06939397752285004,0.8998458981513977,0.2885659337043762
47,0.9833333492279053,0.02574230544269085,0.8913713693618774,0.31076520681381226
48,0.9833333492279053,0.029721656814217567,0.8821263313293457,0.3363212049007416
49,1.0,0.00576877873390913,0.8898305296897888,0.32233455777168274
0,0.30000001192092896,1.7208784818649292,0.4593908488750458,1.246405005455017
1,0.36666667461395264,1.3942979574203491,0.57918781042099,1.1563252210617065
2,0.3583333194255829,1.3509465456008911,0.534517765045166,1.144748568534851
3,0.4833333194255829,1.2417553663253784,0.5984771847724915,1.0631355047225952
4,0.4416666626930237,1.282200574874878,0.7248731255531311,0.9904223084449768
5,0.46666666865348816,1.170267105102539,0.710152268409729,0.9824373722076416
6,0.5916666388511658,1.0113922357559204,0.6939086318016052,0.9248620867729187
7,0.5583333373069763,0.9954999685287476,0.7487309575080872,0.8450083136558533
8,0.5833333134651184,1.0166512727737427,0.6954314708709717,0.8800260424613953
9,0.6666666865348816,0.9489814639091492,0.7395939230918884,0.847241997718811
10,0.3916666805744171,1.2862656116485596,0.7248731255531311,0.8507207632064819
11,0.4749999940395355,1.1622706651687622,0.7197969555854797,0.8455495238304138
12,0.5666666626930237,1.063636064529419,0.7081218361854553,0.8457973599433899
13,0.5666666626930237,1.0108495950698853,0.7020304799079895,0.8399172425270081
14,0.6833333373069763,0.8444713950157166,0.6903553009033203,0.8575047254562378
15,0.7833333611488342,0.7418895363807678,0.7045685052871704,0.8324297666549683
16,0.7666666507720947,0.742867648601532,0.7065989971160889,0.8204805850982666
17,0.8416666388511658,0.6147452592849731,0.7131979465484619,0.8000361323356628
18,0.8916666507720947,0.47276684641838074,0.7096446752548218,0.8362069129943848
19,0.8833333253860474,0.4590306580066681,0.7142131924629211,0.8276891112327576
20,0.9583333134651184,0.31331050395965576,0.7213197946548462,0.8249200582504272
21,0.949999988079071,0.2981290817260742,0.7436548471450806,0.7739671468734741
22,0.9750000238418579,0.2328239530324936,0.7573603987693787,0.7593546509742737
23,0.9583333134651184,0.21667836606502533,0.7776649594306946,0.7027244567871094
24,0.949999988079071,0.19843807816505432,0.7690355181694031,0.7460522055625916
25,0.949999988079071,0.1721576303243637,0.7695431709289551,0.7618094682693481
26,0.9750000238418579,0.11774943023920059,0.754822313785553,0.850202202796936
27,0.9833333492279053,0.083214171230793,0.7923858165740967,0.7184741497039795
28,0.9750000238418579,0.0995568260550499,0.8106598854064941,0.6643595695495605
29,0.9666666388511658,0.12485969811677933,0.8822335004806519,0.3682445287704468
30,0.9666666388511658,0.08661513030529022,0.9096446633338928,0.2833162248134613
31,0.9583333134651184,0.1300283521413803,0.9076142311096191,0.2826978862285614
32,1.0,0.05348946899175644,0.9177665114402771,0.24569079279899597
33,0.9916666746139526,0.05384257808327675,0.9345177412033081,0.19379675388336182
34,1.0,0.018666667863726616,0.9213197827339172,0.23747672140598297
35,1.0,0.030878925696015358,0.9304568767547607,0.21047382056713104
36,0.9916666746139526,0.036801815032958984,0.9365482330322266,0.186347097158432
37,0.9666666388511658,0.05019021034240723,0.9081218242645264,0.2785753607749939
38,0.9833333492279053,0.05828610435128212,0.9030457139015198,0.3187287151813507
39,1.0,0.017572175711393356,0.9131979942321777,0.2773142158985138
40,1.0,0.018716176971793175,0.9131979942321777,0.2897869050502777
41,0.9916666746139526,0.023345407098531723,0.9213197827339172,0.2639346420764923
42,0.9833333492279053,0.04785410687327385,0.9502537846565247,0.14149028062820435
43,0.9833333492279053,0.049970842897892,0.9624365568161011,0.10228604078292847
44,1.0,0.007909025065600872,0.9664974808692932,0.08724259585142136
45,0.9833333492279053,0.058731622993946075,0.9197969436645508,0.26110485196113586
46,0.9916666746139526,0.026849569752812386,0.9543147087097168,0.12792634963989258
47,1.0,0.013827478513121605,0.9700507521629333,0.08876138925552368
48,1.0,0.009146208874881268,0.9730964303016663,0.07737164944410324
49,1.0,0.005505732726305723,0.9751269221305847,0.07057115435600281
0,0.3166666626930237,1.6479204893112183,0.513672947883606,1.177109718322754
1,0.4000000059604645,1.235817551612854,0.6857908964157104,1.0161815881729126
2,0.5333333611488342,1.1776872873306274,0.7211796045303345,0.9305822253227234
3,0.5583333373069763,1.0502800941467285,0.7104557752609253,0.8667731881141663
4,0.49166667461395264,1.203245997428894,0.7447721362113953,0.7913662195205688
5,0.7166666388511658,0.8761252760887146,0.7662198543548584,0.7473983764648438
6,0.550000011920929,0.9690676331520081,0.7388740181922913,0.7179775834083557
7,0.6583333611488342,0.7964279651641846,0.7404825687408447,0.6830751895904541
8,0.6583333611488342,0.8938514590263367,0.7238605618476868,0.6849677562713623
9,0.6833333373069763,0.7919038534164429,0.7206434607505798,0.6588239073753357
10,0.4833333194255829,1.2568169832229614,0.7613940834999084,0.7125940322875977
11,0.550000011920929,1.1225701570510864,0.7624664902687073,0.6757694482803345
12,0.5583333373069763,1.048887014389038,0.7533512115478516,0.6620708107948303
13,0.6499999761581421,0.8912729620933533,0.7522788047790527,0.6392080783843994
14,0.7083333134651184,0.861624538898468,0.7458444833755493,0.6240139007568359
15,0.7583333253860474,0.761258065700531,0.7442359328269958,0.606376588344574
16,0.7666666507720947,0.6592935919761658,0.759785532951355,0.5718778967857361
17,0.7583333253860474,0.5905459523200989,0.7672922015190125,0.5494310259819031
18,0.8166666626930237,0.5502416491508484,0.7705093622207642,0.5321215987205505
19,0.8416666388511658,0.4950743317604065,0.7780160903930664,0.513656497001648
20,0.7749999761581421,0.5475255250930786,0.7887399196624756,0.48513758182525635
21,0.8666666746139526,0.41040557622909546,0.789276123046875,0.48118090629577637
22,0.8833333253860474,0.3843843638896942,0.8150134086608887,0.4246303141117096
23,0.8999999761581421,0.33394715189933777,0.8332439661026001,0.38562434911727905
24,0.9083333611488342,0.2880123257637024,0.8595174551010132,0.34664857387542725
25,0.8916666507720947,0.3023015260696411,0.8804289698600769,0.2987942397594452
26,0.9083333611488342,0.2804878354072571,0.9067023992538452,0.2584691345691681
27,0.9583333134651184,0.17201760411262512,0.9088472127914429,0.2452547252178192
28,0.949999988079071,0.1795291304588318,0.9233244061470032,0.2104635387659073
29,0.9166666865348816,0.17819096148014069,0.9276139140129089,0.20152698457241058
30,0.9416666626930237,0.17337268590927124,0.9324396848678589,0.17564377188682556
31,0.949999988079071,0.14311154186725616,0.9394102096557617,0.1541413813829422
32,0.9833333492279053,0.11224976927042007,0.942091166973114,0.14991025626659393
33,0.9833333492279053,0.0791347473859787,0.9436997175216675,0.15237386524677277
34,0.9583333134651184,0.13309326767921448,0.9485254883766174,0.1348126232624054
35,0.9833333492279053,0.07440876215696335,0.9495978355407715,0.12384474277496338
36,0.9750000238418579,0.07527339458465576,0.9495978355407715,0.1256197690963745
37,0.9916666746139526,0.03944145888090134,0.9544236063957214,0.13371331989765167
38,0.9750000238418579,0.07044252753257751,0.9517426490783691,0.12460878491401672
39,0.9750000238418579,0.08544226735830307,0.9581769704818726,0.12008385360240936
40,0.9916666746139526,0.042689453810453415,0.9587131142616272,0.12531433999538422
41,1.0,0.028910350054502487,0.9554959535598755,0.13032694160938263
42,0.9916666746139526,0.05874679237604141,0.9533511996269226,0.13524046540260315
43,0.9916666746139526,0.02381444349884987,0.9544236063957214,0.12467788904905319
44,0.9916666746139526,0.04640090465545654,0.9581769704818726,0.13417674601078033
45,1.0,0.012676415964961052,0.9587131142616272,0.1201508492231369
46,0.9833333492279053,0.056650955229997635,0.9613941311836243,0.13339726626873016
47,1.0,0.018227210268378258,0.9581769704818726,0.14665517210960388
48,0.9833333492279053,0.044466424733400345,0.9608579277992249,0.12416857481002808
49,1.0,0.015653226524591446,0.9635388851165771,0.1252623349428177
0,0.5,0.8935486674308777,0.4899846017360687,0.7336804270744324
1,0.699999988079071,0.5022958517074585,0.8428351283073425,0.479270339012146
2,0.5,0.9973629713058472,0.6533128023147583,0.6381221413612366
3,0.699999988079071,0.6729323267936707,0.5400616526603699,0.7108957767486572
4,0.5,0.7364577651023865,0.3952234089374542,0.7956668138504028
5,0.5,0.7883291840553284,0.848998486995697,0.46562230587005615
6,0.6000000238418579,0.6903587579727173,0.8382126092910767,0.4727174639701843
7,0.5,0.8325692415237427,0.8412942886352539,0.47411149740219116
8,0.6000000238418579,0.702025294303894,0.840523898601532,0.47879916429519653
9,0.6000000238418579,0.7274740934371948,0.8451463580131531,0.4695732593536377
10,0.699999988079071,0.5749448537826538,0.8466871976852417,0.4683492183685303
0,0.6000000238418579,0.6578590273857117,0.20801232755184174,0.993579089641571
1,0.699999988079071,0.6631060838699341,0.5546995401382446,0.6936963200569153
2,0.6000000238418579,0.8376687169075012,0.38289675116539,0.8225553035736084
3,0.3499999940395355,0.8655235171318054,0.6178736686706543,0.6557685732841492
4,0.6499999761581421,0.6928287744522095,0.35593220591545105,0.8737431764602661
5,0.4000000059604645,0.770638108253479,0.6602465510368347,0.6277070641517639
6,0.6499999761581421,0.6875697374343872,0.6255778074264526,0.6481032371520996
7,0.75,0.5442386865615845,0.5932203531265259,0.6706992983818054
8,0.6499999761581421,0.589268147945404,0.5932203531265259,0.6742470860481262
9,0.8500000238418579,0.5499449968338013,0.6163328289985657,0.6553296446800232
10,0.6000000238418579,0.6156927347183228,0.624036967754364,0.6496978402137756
0,0.5,0.8661386370658875,0.1594761162996292,1.0701183080673218
1,0.5333333611488342,0.7930107116699219,0.8305084705352783,0.49876341223716736
2,0.5666666626930237,0.7902687191963196,0.5862866044044495,0.6786430478096008
3,0.4000000059604645,0.8501540422439575,0.8451463580131531,0.5085741281509399
4,0.6666666865348816,0.578194797039032,0.8782742619514465,0.4496338665485382
5,0.46666666865348816,0.7390437722206116,0.8906009197235107,0.4377106726169586
6,0.5333333611488342,0.7246313095092773,0.9036979675292969,0.41850897669792175
7,0.699999988079071,0.637333333492279,0.91140216588974,0.4025050699710846
8,0.699999988079071,0.6299272179603577,0.9191063046455383,0.4006178379058838
9,0.9333333373069763,0.41501662135124207,0.920647144317627,0.38155466318130493
10,0.7666666507720947,0.4744204580783844,0.9175654649734497,0.3814879059791565
11,0.800000011920929,0.47774532437324524,0.9275808930397034,0.37069085240364075
12,0.9333333373069763,0.37967339158058167,0.9283512830734253,0.3589743673801422
13,0.8666666746139526,0.4176276624202728,0.9175654649734497,0.3601594567298889
14,1.0,0.3119083344936371,0.9221879839897156,0.34703582525253296
15,0.8666666746139526,0.3799029588699341,0.9283512830734253,0.32366272807121277
16,0.8333333134651184,0.361946702003479,0.9283512830734253,0.3132818639278412
17,0.8666666746139526,0.30940961837768555,0.9244992136955261,0.3092832863330841
18,0.800000011920929,0.3274528682231903,0.9229583740234375,0.3041335642337799
19,0.8666666746139526,0.3106667399406433,0.9175654649734497,0.3002479672431946
0,0.5,0.7822297215461731,0.7087827324867249,0.586856484413147
1,0.574999988079071,0.6500734686851501,0.875963032245636,0.4026775658130646
2,0.625,0.6257456541061401,0.641756534576416,0.6299192309379578
3,0.675000011920929,0.5771816968917847,0.8697996735572815,0.4524727463722229
4,0.6499999761581421,0.6273806691169739,0.8628659248352051,0.46198394894599915
5,0.699999988079071,0.6503042578697205,0.8959938287734985,0.3749796450138092
6,0.574999988079071,0.6442597508430481,0.91140216588974,0.346982479095459
7,0.675000011920929,0.6160700917243958,0.9244992136955261,0.3155837655067444
8,0.7749999761581421,0.4979601800441742,0.929121732711792,0.29270339012145996
9,0.7749999761581421,0.42017021775245667,0.9399075508117676,0.29707473516464233
10,0.8500000238418579,0.3413241505622864,0.9476116895675659,0.2833884060382843
11,0.824999988079071,0.427551805973053,0.9514638185501099,0.2661092281341553
12,0.8999999761581421,0.3446735739707947,0.9522342085838318,0.2367374151945114
13,0.800000011920929,0.3760499358177185,0.9537750482559204,0.2218043953180313
14,0.925000011920929,0.25501909852027893,0.955315887928009,0.207484170794487
15,0.9750000238418579,0.2348642349243164,0.9607087969779968,0.19957473874092102
16,0.925000011920929,0.24878501892089844,0.9637904763221741,0.1738944947719574
17,0.949999988079071,0.18415267765522003,0.9622496366500854,0.16154080629348755
18,0.949999988079071,0.20833487808704376,0.964560866355896,0.1552422195672989
19,0.9750000238418579,0.12658429145812988,0.9614791870117188,0.15158575773239136
0,0.5600000023841858,0.8138865828514099,0.858243465423584,0.43762168288230896
1,0.6399999856948853,0.7270707488059998,0.7827426791191101,0.5335502624511719
2,0.5400000214576721,0.7378621101379395,0.8382126092910767,0.4812254011631012
3,0.6800000071525574,0.5199494361877441,0.8952234387397766,0.34999722242355347
4,0.8600000143051147,0.5232312083244324,0.8890600800514221,0.2960367202758789
5,0.6200000047683716,0.6022401452064514,0.9036979675292969,0.2836924195289612
6,0.6600000262260437,0.5995428562164307,0.9275808930397034,0.27991506457328796
7,0.7400000095367432,0.5035759806632996,0.9283512830734253,0.2804473638534546
8,0.7200000286102295,0.49679282307624817,0.9214175939559937,0.27860963344573975
9,0.8600000143051147,0.42192894220352173,0.9075500965118408,0.2884490191936493
10,0.8799999952316284,0.3066733181476593,0.9083204865455627,0.2809515595436096
11,0.8600000143051147,0.30693861842155457,0.9137133955955505,0.26470282673835754
12,0.9800000190734863,0.2027403712272644,0.9106317162513733,0.262570858001709
13,0.9399999976158142,0.20791447162628174,0.8967642784118652,0.2698889970779419
14,0.9800000190734863,0.2003316730260849,0.902927577495575,0.25648969411849976
15,1.0,0.12779411673545837,0.8944529891014099,0.25954970717430115
16,0.9800000190734863,0.13660098612308502,0.8898305296897888,0.25824910402297974
17,0.9599999785423279,0.1681840568780899,0.8944529891014099,0.25199028849601746
18,0.9800000190734863,0.10993850976228714,0.8975346684455872,0.2438223510980606
19,1.0,0.11051374673843384,0.8828967809677124,0.264730840921402
0,0.36666667461395264,1.1463896036148071,0.4060092568397522,0.7857447266578674
1,0.5166666507720947,0.7932363748550415,0.7403697967529297,0.5728781223297119
2,0.5166666507720947,0.8558260798454285,0.8751925826072693,0.45823225378990173
3,0.6499999761581421,0.6945863366127014,0.8559321761131287,0.4866929352283478
4,0.6499999761581421,0.6794513463973999,0.8959938287734985,0.3614339232444763
5,0.4833333194255829,0.7387962341308594,0.9098613262176514,0.3638605773448944
6,0.6000000238418579,0.6459986567497253,0.9229583740234375,0.33797842264175415
7,0.6833333373069763,0.5671523809432983,0.9314329624176025,0.3381515145301819
8,0.8333333134651184,0.4495296776294708,0.9322034120559692,0.3341399133205414
9,0.6833333373069763,0.5723485350608826,0.9152542352676392,0.3330628275871277
10,0.800000011920929,0.4828193783760071,0.9137133955955505,0.318618506193161
11,0.800000011920929,0.43258970975875854,0.902927577495575,0.3179016709327698
12,0.8833333253860474,0.3028910458087921,0.884437620639801,0.3352586030960083
13,0.8666666746139526,0.298542857170105,0.885208010673523,0.3099469244480133
14,0.949999988079071,0.23511604964733124,0.875963032245636,0.31392723321914673
15,0.9333333373069763,0.22237472236156464,0.8828967809677124,0.29127970337867737
16,0.9333333373069763,0.21073955297470093,0.8967642784118652,0.26571184396743774
17,0.949999988079071,0.14423240721225739,0.8952234387397766,0.2575899064540863
18,0.9666666388511658,0.1255667805671692,0.9060092568397522,0.23537378013134003
19,0.949999988079071,0.16863909363746643,0.9006163477897644,0.24278588593006134
0,0.4833333194255829,0.9590530395507812,0.5215716361999512,0.7061953544616699
1,0.6000000238418579,0.7568281888961792,0.6302003264427185,0.6378963589668274
2,0.6166666746139526,0.6799408793449402,0.8805854916572571,0.4332424998283386
3,0.5,0.8152778744697571,0.893682599067688,0.3899177014827728
4,0.7166666388511658,0.5442125797271729,0.8998458981513977,0.38570636510849
5,0.5,0.783856987953186,0.9121725559234619,0.36948904395103455
6,0.6333333253860474,0.5965779423713684,0.9160246253013611,0.3612738251686096
7,0.6833333373069763,0.5787556171417236,0.9067796468734741,0.37276437878608704
8,0.7333333492279053,0.48734721541404724,0.9006163477897644,0.3672964870929718
9,0.8333333134651184,0.44947585463523865,0.8952234387397766,0.3538707494735718
10,0.8333333134651184,0.3839946389198303,0.8728813529014587,0.3681630790233612
11,0.8833333253860474,0.310739129781723,0.8636363744735718,0.36567336320877075
12,0.8166666626930237,0.35401788353919983,0.8543913960456848,0.36960870027542114
13,0.9166666865348816,0.29562002420425415,0.8513097167015076,0.363892138004303
14,0.949999988079071,0.22121474146842957,0.8382126092910767,0.3832103908061981
0,0.5,0.8540951013565063,0.8728813529014587,0.3959446847438812
1,0.5666666626930237,0.8287855982780457,0.5778120160102844,0.6729064583778381
2,0.6166666746139526,0.69423508644104,0.801232635974884,0.5296608209609985
3,0.7166666388511658,0.5166757702827454,0.8366718292236328,0.5005943179130554
5,0.4833333194255829,0.9117252230644226,0.8744221925735474,0.38201412558555603
6,0.550000011920929,0.7326124906539917,0.884437620639801,0.3760860860347748
7,0.6000000238418579,0.7892323136329651,0.8952234387397766,0.3605363965034485
8,0.6499999761581421,0.6692078709602356,0.9106317162513733,0.3451324999332428
9,0.7333333492279053,0.4690825343132019,0.920647144317627,0.3308875262737274
10,0.699999988079071,0.47344931960105896,0.920647144317627,0.33400845527648926
11,0.7666666507720947,0.4416404068470001,0.9129430055618286,0.33914515376091003
12,0.800000011920929,0.39248645305633545,0.9137133955955505,0.3114384412765503
13,0.8833333253860474,0.2840304672718048,0.9098613262176514,0.30130523443222046
14,0.949999988079071,0.2332041710615158,0.9083204865455627,0.285299688577652
15,0.9333333373069763,0.22225947678089142,0.8929121494293213,0.2918798625469208
16,0.9833333492279053,0.15308590233325958,0.8898305296897888,0.2883201837539673
17,0.949999988079071,0.16094882786273956,0.8890600800514221,0.28082212805747986
18,0.9833333492279053,0.11486966162919998,0.8952234387397766,0.26460662484169006
19,0.9666666388511658,0.12833279371261597,0.8913713693618774,0.2595178186893463
0,0.25,1.7754812240600586,0.23646113276481628,1.4759796857833862
1,0.25,1.5385849475860596,0.2664879262447357,1.4167786836624146
2,0.20000000298023224,1.603633165359497,0.32010725140571594,1.356433391571045
3,0.30000001192092896,1.2914177179336548,0.3501340448856354,1.3176155090332031
4,0.44999998807907104,1.1686018705368042,0.42037534713745117,1.2570953369140625
5,0.44999998807907104,1.2955131530761719,0.42037534713745117,1.25066339969635
6,0.3499999940395355,1.3481252193450928,0.4327077865600586,1.2340975999832153
7,0.3499999940395355,1.2987439632415771,0.4327077865600586,1.229103684425354
8,0.44999998807907104,1.2184998989105225,0.44343164563179016,1.2085105180740356
9,0.44999998807907104,1.2146539688110352,0.456836462020874,1.1859900951385498
10,0.44999998807907104,1.2049859762191772,0.4616622030735016,1.172654151916504
11,0.5,1.134635329246521,0.46648794412612915,1.1586261987686157
12,0.25,1.2306791543960571,0.47560322284698486,1.1444283723831177
13,0.550000011920929,0.9589816927909851,0.468096524477005,1.1415791511535645
14,0.6000000238418579,1.0326616764068604,0.473994642496109,1.1262762546539307
15,0.5,1.0670650005340576,0.47774797677993774,1.1105706691741943
16,0.6499999761581421,0.9636596441268921,0.47506701946258545,1.102813482284546
17,0.75,0.935486912727356,0.48364612460136414,1.0895140171051025
18,0.4000000059604645,1.2059987783432007,0.47560322284698486,1.0824764966964722
19,0.6000000238418579,1.0803073644638062,0.4713136851787567,1.075477123260498
0,0.2750000059604645,2.0195388793945312,0.2659517526626587,1.4017982482910156
1,0.32499998807907104,1.5613749027252197,0.3764075040817261,1.3131694793701172
2,0.3499999940395355,1.4018656015396118,0.4150134027004242,1.264143943786621
3,0.3499999940395355,1.3709628582000732,0.42252010107040405,1.2117811441421509
4,0.4000000059604645,1.3936092853546143,0.5672922134399414,1.117133617401123
5,0.22499999403953552,1.6186540126800537,0.5597855448722839,1.090998649597168
6,0.3499999940395355,1.4645822048187256,0.5710455775260925,1.0655492544174194
7,0.42500001192092896,1.3049511909484863,0.5833780169487,1.0373586416244507
8,0.30000001192092896,1.3003188371658325,0.5806970596313477,1.0164390802383423
9,0.5,1.200127124786377,0.5603216886520386,1.0184004306793213
10,0.5,1.2076866626739502,0.5764074921607971,0.9945224523544312
11,0.42500001192092896,1.1773213148117065,0.5571045279502869,0.9927685856819153
12,0.4749999940395355,1.1588411331176758,0.5361930131912231,0.9895657300949097
13,0.6499999761581421,0.9706273078918457,0.5737265348434448,0.9471102952957153
14,0.6000000238418579,1.049950361251831,0.6021447777748108,0.9120427966117859
15,0.550000011920929,1.000046968460083,0.606970489025116,0.8865581154823303
16,0.699999988079071,0.8346526026725769,0.6380696892738342,0.8424092531204224
17,0.675000011920929,0.888469398021698,0.6621983647346497,0.8081539273262024
18,0.75,0.8340689539909363,0.661662220954895,0.7816277742385864
19,0.699999988079071,0.8204692602157593,0.6847184896469116,0.750839352607727
0,0.30000001192092896,1.5912392139434814,0.42895442247390747,1.2952892780303955
1,0.3333333432674408,1.5021909475326538,0.4997318983078003,1.22874915599823
2,0.38333332538604736,1.2317026853561401,0.5469169020652771,1.1714658737182617
3,0.44999998807907104,1.1695325374603271,0.5630027055740356,1.1360886096954346
4,0.4833333194255829,1.1474250555038452,0.5683646202087402,1.0826460123062134
5,0.30000001192092896,1.3912928104400635,0.6182305812835693,1.0222958326339722
6,0.550000011920929,1.2321288585662842,0.6343163251876831,0.9852992296218872
7,0.36666667461395264,1.2832417488098145,0.6450402140617371,0.9540479183197021
8,0.3499999940395355,1.2825454473495483,0.667560338973999,0.9079684615135193
9,0.5666666626930237,1.0600467920303345,0.6686326861381531,0.877973735332489
10,0.46666666865348816,1.0674773454666138,0.6884718537330627,0.8412262797355652
11,0.6333333253860474,0.9492588043212891,0.708847165107727,0.8005654215812683
12,0.6000000238418579,0.9213674068450928,0.7184986472129822,0.7661299705505371
13,0.7333333492279053,0.8396301865577698,0.7067024111747742,0.74718177318573
14,0.75,0.7622106075286865,0.7179624438285828,0.7146632075309753
15,0.800000011920929,0.691986620426178,0.7297587394714355,0.6884101033210754
16,0.7166666388511658,0.7136107087135315,0.7308310866355896,0.6597802042961121
17,0.8166666626930237,0.6922678351402283,0.7356568574905396,0.6327382326126099
18,0.8666666746139526,0.5962655544281006,0.7378016114234924,0.6211144924163818
19,0.8833333253860474,0.5163158178329468,0.7356568574905396,0.6184501051902771
0,0.3375000059604645,1.5864735841751099,0.4595174193382263,1.2370599508285522
1,0.3375000059604645,1.4173009395599365,0.5683646202087402,1.0940091609954834
2,0.2750000059604645,1.5061057806015015,0.5930294990539551,1.0499292612075806
3,0.42500001192092896,1.2076799869537354,0.5747989416122437,1.0577175617218018
4,0.4375,1.2944297790527344,0.673458456993103,0.9090245366096497
5,0.36250001192092896,1.4494247436523438,0.6847184896469116,0.86536705493927
6,0.4000000059604645,1.2578418254852295,0.6906166076660156,0.8387665152549744
7,0.5375000238418579,1.1192328929901123,0.695978581905365,0.8099517226219177
8,0.612500011920929,1.0386316776275635,0.6691688895225525,0.8004598617553711
9,0.5375000238418579,1.0475267171859741,0.6520107388496399,0.802345335483551
10,0.699999988079071,0.8811134099960327,0.673458456993103,0.7551407814025879
11,0.7250000238418579,0.7853180170059204,0.6691688895225525,0.7469284534454346
12,0.7250000238418579,0.7316919565200806,0.6890080571174622,0.7124031186103821
13,0.800000011920929,0.6548076868057251,0.6890080571174622,0.7034789323806763
14,0.8125,0.6176382899284363,0.6949061751365662,0.6857932209968567
15,0.8500000238418579,0.554745078086853,0.708847165107727,0.6500400304794312
16,0.824999988079071,0.5449385046958923,0.7243967652320862,0.6272179484367371
17,0.862500011920929,0.42764073610305786,0.731367290019989,0.6151325106620789
18,0.8500000238418579,0.43955859541893005,0.7458444833755493,0.585986316204071
19,0.862500011920929,0.40136590600013733,0.7533512115478516,0.5660125613212585
0,0.3199999928474426,1.622818946838379,0.23860590159893036,1.3766168355941772
1,0.33000001311302185,1.474576473236084,0.33243969082832336,1.269845724105835
2,0.27000001072883606,1.4615774154663086,0.5855227708816528,1.1127409934997559
3,0.3700000047683716,1.354396104812622,0.6520107388496399,1.0295774936676025
4,0.44999998807907104,1.22990882396698,0.615549623966217,1.0837913751602173
5,0.2800000011920929,1.4506618976593018,0.6772118210792542,0.9585006833076477
6,0.3700000047683716,1.38434636592865,0.7040214538574219,0.8920849561691284
7,0.46000000834465027,1.2112113237380981,0.6879356503486633,0.840751588344574
8,0.6100000143051147,1.0478352308273315,0.6654155254364014,0.8124387264251709
9,0.5799999833106995,1.0115504264831543,0.6648793816566467,0.7763531804084778
10,0.6399999856948853,0.9945842027664185,0.673458456993103,0.7444446086883545
11,0.6899999976158142,0.8422849774360657,0.6595174074172974,0.7328373789787292
12,0.7900000214576721,0.7103672027587891,0.6552278995513916,0.7159896492958069
13,0.8100000023841858,0.6523704528808594,0.673458456993103,0.6912603378295898
14,0.8399999737739563,0.5526172518730164,0.6825737357139587,0.6750115156173706
15,0.8899999856948853,0.4252259433269501,0.7190348505973816,0.626653790473938
16,0.8999999761581421,0.3875635266304016,0.753887414932251,0.5593597888946533
17,0.9100000262260437,0.3457295298576355,0.8042895197868347,0.4756602942943573
18,0.8600000143051147,0.34603244066238403,0.8504021167755127,0.38013315200805664
19,0.9100000262260437,0.3199704587459564,0.8680965304374695,0.3437979817390442
0,0.24166665971279144,1.739192247390747,0.5345844626426697,1.1675407886505127
1,0.42500001192092896,1.3341792821884155,0.6048257350921631,1.0614159107208252
2,0.4166666567325592,1.379998803138733,0.6664879322052002,0.9557873010635376
3,0.4833333194255829,1.1625348329544067,0.7201072573661804,0.8696887493133545
4,0.5583333373069763,1.071908712387085,0.7404825687408447,0.7956942915916443
5,0.4166666567325592,1.3112061023712158,0.7345844507217407,0.7515827417373657
6,0.4333333373069763,1.1807043552398682,0.7233244180679321,0.7187641263008118
7,0.6083333492279053,1.006974458694458,0.719571053981781,0.6931114196777344
8,0.6166666746139526,0.9665353298187256,0.7008042931556702,0.6963599920272827
9,0.625,0.8484812378883362,0.7024128437042236,0.668502688407898
10,0.7333333492279053,0.7171324491500854,0.7104557752609253,0.6434128284454346
11,0.75,0.6613646149635315,0.7292225360870361,0.6162311434745789
12,0.7916666865348816,0.5571815967559814,0.7426273226737976,0.5744679570198059
13,0.8999999761581421,0.4405851662158966,0.7731903195381165,0.5049527883529663
14,0.8583333492279053,0.42492547631263733,0.789276123046875,0.4684205651283264
15,0.8833333253860474,0.3709311783313751,0.8214477300643921,0.41582614183425903
16,0.9083333611488342,0.27202528715133667,0.8402144908905029,0.380999892950058
17,0.9333333373069763,0.2595812976360321,0.8675603270530701,0.33734557032585144
18,0.949999988079071,0.1816081702709198,0.8970509171485901,0.258144348859787
19,0.9666666388511658,0.14007966220378876,0.9034852385520935,0.24348357319831848
0,0.2666666805744171,1.7429472208023071,0.4611259996891022,1.2234901189804077
1,0.34166666865348816,1.3926074504852295,0.6058981418609619,1.0922081470489502
2,0.44999998807907104,1.2909938097000122,0.6750670075416565,0.9735591411590576
3,0.4749999940395355,1.241937279701233,0.6348525285720825,0.9802781939506531
4,0.5083333253860474,1.0699044466018677,0.7463806867599487,0.822820246219635
5,0.36666667461395264,1.3124239444732666,0.7265415787696838,0.775973379611969
6,0.44999998807907104,1.1916821002960205,0.7206434607505798,0.7381930947303772
7,0.6499999761581421,0.989368200302124,0.7286863327026367,0.7011339068412781
8,0.699999988079071,0.8951032161712646,0.7109919786453247,0.6880798935890198
9,0.6666666865348816,0.878765881061554,0.7233244180679321,0.6498530507087708
10,0.7416666746139526,0.7682188749313354,0.7340482473373413,0.6159047484397888
11,0.8333333134651184,0.6079967617988586,0.7340482473373413,0.5984926819801331
12,0.7833333611488342,0.6289724707603455,0.754959762096405,0.5588850975036621
13,0.800000011920929,0.5421581268310547,0.7849866151809692,0.4982004463672638
14,0.8833333253860474,0.38988029956817627,0.8053619265556335,0.45401251316070557
15,0.9166666865348816,0.346295028924942,0.8273458480834961,0.41141772270202637
16,0.9083333611488342,0.28762349486351013,0.8343163728713989,0.4042331278324127
17,0.9166666865348816,0.30584779381752014,0.8589812517166138,0.3425000011920929
18,0.9166666865348816,0.2584638297557831,0.8868632912635803,0.28441569209098816
19,0.9416666626930237,0.19554662704467773,0.8884718418121338,0.26677125692367554
0,0.25,1.6952979564666748,0.4788203835487366,1.2094964981079102
1,0.34166666865348816,1.4454542398452759,0.6520107388496399,1.0315954685211182
2,0.5083333253860474,1.2009432315826416,0.6471849679946899,1.0205392837524414
3,0.5333333611488342,1.1518949270248413,0.6439678072929382,0.9020841121673584
4,0.5333333611488342,1.1184309720993042,0.7571045756340027,0.7916280031204224
5,0.46666666865348816,1.2550013065338135,0.747989296913147,0.7429593205451965
6,0.4583333432674408,1.218286156654358,0.7276139259338379,0.7073769569396973
7,0.6000000238418579,1.0263675451278687,0.7206434607505798,0.6875485181808472
8,0.5916666388511658,0.9665189385414124,0.7426273226737976,0.6359224915504456
9,0.6833333373069763,0.8074912428855896,0.7345844507217407,0.6172360777854919
10,0.7666666507720947,0.6705326437950134,0.7308310866355896,0.6090883016586304
11,0.75,0.6502870917320251,0.7581769227981567,0.5600901246070862
12,0.8166666626930237,0.5608070492744446,0.7651474475860596,0.534986674785614
13,0.8416666388511658,0.49966302514076233,0.7957104444503784,0.4709993004798889
14,0.8666666746139526,0.40560245513916016,0.800000011920929,0.4628683924674988
15,0.8833333253860474,0.36017629504203796,0.8252010941505432,0.41040778160095215
16,0.9166666865348816,0.28452762961387634,0.8369973301887512,0.38382822275161743
17,0.8666666746139526,0.32158273458480835,0.8471850156784058,0.3574664294719696
18,0.9666666388511658,0.15681344270706177,0.8691688776016235,0.31257373094558716
19,0.9583333134651184,0.15950165688991547,0.8809651732444763,0.28626081347465515
